call_number,contributors,access_advisory,notes,rights_advisory,digital_id,genre,location,image_url,repository,date,language,other_title,title,reproduction_number,created_published,source_collection,summary,format,medium,translated_title,number_former_id,subjects
['G2286.G1'],"['Kraas, Frauke, cartographer, author', 'Myint, Aye Aye, author', 'Spohner, Regine, 1963- cartographer, author']",['Unrestricted online access'],"['Relief shown in some maps through shading and gradient tints.', 'Includes bibliographical references (pages 166-187).', 'Description based on print version record; resource not viewed.']",['Creative Commons Attribution-NonCommercial-NoDerivatives 4.0 International CC BY-NC-ND 4.0 https://creativecommons.org/licenses/by-nc-nd/4.0/legalcode'],['https://hdl.loc.gov/loc.gdc/gdcebookspublic.2020718056'],"['Atlases', 'Thematic maps']",['Burma'],"['https://tile.loc.gov/storage-services/master/gdc/gdcebookspublic/20/20/71/80/56/2020718056/2020718056.gif', 'https://tile.loc.gov/storage-services/master/gdc/gdcebookspublic/20/20/71/80/56/2020718056/2020718056.gif#h=200&w=141']",,2017,['eng'],,Socio-economic atlas of Myanmar,,"Stuttgart : Franz Steiner Verlag, [2017], ©2017",,,['cartographic'],['1 electronic resource (1 atlas (187 pages) )'],,,"['Burma--Economic conditions--Maps', 'Burma--Social conditions--Maps']"
['G3824.P5 coll .M3 drawer 167'],,,"['This record covers single maps of Philadelphia, showing various subjects, which are not represented in the LC database by separate catalog records. This collection includes single printed maps and photocopies of printed or manuscript single maps and may also include some multi-sheet single maps, plates from atlases, books or periodicals, and printed facsimiles. To request a specific map or for more information, contact a reference librarian in the Geography & Map Division (202) 707-6277 or through the ""Ask a librarian"" link through the Geography & Map Division website https://ask.loc.gov/map-geography/.', 'Title supplied by cataloger.']",,['https://hdl.loc.gov/loc.gmd/gmdtitlecolfold.pa-167'],['Maps'],"['Pennsylvania--Philadelphia Metropolitan Area', 'Philadelphia (Pa.)']","['https://tile.loc.gov/image-services/iiif/service:gmd:gmdtitlecolfold:pa:-1:67:pa-167:pa-167-00001/full/pct:12.5/0/default.jpg', 'https://tile.loc.gov/image-services/iiif/service:gmd:gmdtitlecolfold:pa:-1:67:pa-167:pa-167-00001/full/pct:12.5/0/default.jpg#h=693&w=467', 'https://tile.loc.gov/image-services/iiif/service:gmd:gmdtitlecolfold:pa:-1:67:pa-167:pa-167-00001/full/pct:25/0/default.jpg#h=1387&w=934']","['Library of Congress Geography and Map Division Washington, D.C. 20540-4650 USA dcu']",1821,['eng'],"['Pennsylvania title collection--drawer 167', 'Pennsylvania title collection--Philadelphia subjects Transportation 1941-1958--U']",[Maps of Pennsylvania--Philadelphia subjects Transportation 1941-1958--U],,"[Various places] : [various publishers], [approximately 1821-1958]",,,"['cartographic', 'collection']","['27 map sheets in 22 folders in 1 drawer : some color, some photocopies ; various sizes']",,,"['Local transit--Pennsylvania--Philadelphia Metropolitan Area--Maps', 'Philadelphia (Pa.)--Maps', 'United States--Pennsylvania']"
['G3931.P3 1882 .G15'],"['G.W. & C.B. Colton & Co.', 'Florida Transit and Peninsula Railroad.']",,"['N3698 U.S. Copyright Office', 'Scale 1:1,140,000 and 1:3,800,000.', 'LC Railroad maps, 408', 'Description derived from published bibliography.', 'List gives distances for lines in operation and under construction.', 'Available also through the Library of Congress Web site as a raster image.']",,['http://hdl.loc.gov/loc.gmd/g3931p.rr004080'],,['Florida'],"['https://tile.loc.gov/storage-services/service/gmd/gmd393/g3931/g3931p/rr004080.gif', 'https://tile.loc.gov/storage-services/service/gmd/gmd393/g3931/g3931p/rr004080.gif#h=150&w=214', 'https://tile.loc.gov/image-services/iiif/service:gmd:gmd393:g3931:g3931p:rr004080/full/pct:12.5/0/default.jpg#h=718&w=1025', 'https://tile.loc.gov/image-services/iiif/service:gmd:gmd393:g3931:g3931p:rr004080/full/pct:25/0/default.jpg#h=1437&w=2050']","['Library of Congress Geography and Map Division Washington, D.C. 20540-4650 USA dcu']",1882,['eng'],,Maps showing the Florida Transit and Peninsula Rail Road and its connections.,,"New York, 1882.",,"['Maps of southern United States. Main map covers Floria and vicinity and indicates drainage, cities and towns, township and county boundaries, railroads, and the land grant in central Florida. General map shows connections to southern and Gulf states.']",['cartographic'],['col. map 2 maps on 1 sheet 47 x 67 cm.'],,"['https://www.loc.gov/item/98688659', 'https://www.loc.gov/item/5572240']","['Florida Transit and Peninsula Railroad', 'Railroads--Florida--Maps', 'United States--Florida']"
['G3804.N4P1 189- .B7'],"['Brooks Bank Note Co.', 'Broadway Central Hotel (New York, N.Y.)']",,"['Covers Manhattan Island (south of 96th Street) and adjacent cross-river districts.', 'Shows radial distances from City Hall.', 'Imperfect: Laminated.', 'Includes text.', 'Text, ill., and advertisement on verso.', 'Available also through the Library of Congress Web site as a raster image.']",,['http://hdl.loc.gov/loc.gmd/g3804n.ct006585'],,"['New York (State)--New York', 'New York (N.Y.)', 'Manhattan (New York, N.Y.)']","['https://tile.loc.gov/storage-services/service/gmd/gmd380/g3804/g3804n/ct006585.gif', 'https://tile.loc.gov/storage-services/service/gmd/gmd380/g3804/g3804n/ct006585.gif#h=91&w=150', 'https://tile.loc.gov/image-services/iiif/service:gmd:gmd380:g3804:g3804n:ct006585/full/pct:12.5/0/default.jpg#h=846&w=1390', 'https://tile.loc.gov/image-services/iiif/service:gmd:gmd380:g3804:g3804n:ct006585/full/pct:25/0/default.jpg#h=1692&w=2780']","['Library of Congress Geography and Map Division Washington, D.C. 20540-4650 USA dcu']",1890,['eng'],['New reference map & guide to New York City :'],"New map of New York City : from the latest surveys showing all the ferries and steamship docks, elevated, cable, and cross town car lines",,"New York : Broadway Central Hotel, Tilly Haynes, proprietor, [189-?]",,,['cartographic'],"['1 map : col. ; 49 x 31 cm., folded to 18 x 10 cm.']",,"['https://www.loc.gov/item/2003630444', 'https://www.loc.gov/item/13180264']","['Local transit--New York (State)--New York--Maps', 'Ferries--New York (State)--New York--Maps', 'New York (N.Y.)--Maps', 'Manhattan (New York, N.Y.)--Maps', 'United States--New York (State)--New York', 'United States--New York (State)--New York--Manhattan']"
['G3764.B6:2B56 1982 .U5'],['United States. National Park Service.'],,"['Aso covers central Boston.', 'Includes text and ancillary map of ""Rapid Transit System.""', 'Text, panoramic view, and col. ill. on verso.', '""GPO: 1982--361-578/177.""', 'Available also through the Library of Congress Web site as a raster image.']",,['http://hdl.loc.gov/loc.gmd/g3764b.ct006010'],['Tourist maps'],"['Massachusetts--Boston', 'Boston National Historical Park (Boston, Mass.)', 'Boston (Mass.)']","['https://tile.loc.gov/storage-services/service/gmd/gmd376/g3764/g3764b/ct006010.gif', 'https://tile.loc.gov/storage-services/service/gmd/gmd376/g3764/g3764b/ct006010.gif#h=150&w=80', 'https://tile.loc.gov/image-services/iiif/service:gmd:gmd376:g3764:g3764b:ct006010/full/pct:12.5/0/default.jpg#h=1179&w=628', 'https://tile.loc.gov/image-services/iiif/service:gmd:gmd376:g3764:g3764b:ct006010/full/pct:25/0/default.jpg#h=2358&w=1256']","['Library of Congress Geography and Map Division Washington, D.C. 20540-4650 USA dcu']",1982,['eng'],,"Boston National Historical Park, Massachusetts",['024-005-00773-3'],"[Washington] : The Service ; Washington ; For sale by the Supt. of Docs., U.S. G.P.O. [1982]",,,['cartographic'],"['1 map : col. ; 26 x 30 cm., on sheet 40 x 43 cm., folded to 10 x 21 cm.']",,"['https://www.loc.gov/item/83690286', 'https://www.loc.gov/item/5465622']","['Boston National Historical Park (Boston, Mass.)--Maps', 'Subways--Massachusetts--Boston--Maps', 'Boston (Mass.)--Maps', 'United States--Massachusetts--Boston--Boston National Historical Park', 'United States--Massachusetts--Boston']"
['G3824.P6 coll .M3 drawer 185'],,,"['This record covers single maps of Pittsburgh showing various subjects, which are not represented in the LC database by separate catalog records. This collection includes single printed maps and photocopies of printed or manuscript single maps and may also include some multi-sheet single maps, plates from atlases, books or periodicals, and printed facsimiles. To request a specific map or for more information, contact a reference librarian in the Geography & Map Division (202) 707-6277 or through the ""Ask a librarian"" link through the Geography & Map Division website https://ask.loc.gov/map-geography/.', 'Title supplied by cataloger.']",,['https://hdl.loc.gov/loc.gmd/gmdtitlecolfold.pa-185'],['Maps'],"['Pennsylvania--Pittsburgh Metropolitan Area', 'Pittsburgh Region (Pa.)', 'Pittsburgh Suburban Area (Pa.)', 'Pittsburgh (Pa.)']","['https://tile.loc.gov/image-services/iiif/service:gmd:gmdtitlecolfold:pa:-1:85:pa-185:pa-185-00001/full/pct:12.5/0/default.jpg', 'https://tile.loc.gov/image-services/iiif/service:gmd:gmdtitlecolfold:pa:-1:85:pa-185:pa-185-00001/full/pct:12.5/0/default.jpg#h=591&w=401', 'https://tile.loc.gov/image-services/iiif/service:gmd:gmdtitlecolfold:pa:-1:85:pa-185:pa-185-00001/full/pct:25/0/default.jpg#h=1182&w=802']","['Library of Congress Geography and Map Division Washington, D.C. 20540-4650 USA dcu']",1813,['eng'],"['Alternate supplied title: Pennsylvania title collection--drawer 185', 'Alternate supplied title: Pennsylvania title collection--Pittsburgh subjects S-Vic']",[Maps of Pennsylvania--Pittsburgh subjects S-Vic],,"[Various places] : [various publishers], [approximately 1813-1966]",,,"['cartographic', 'collection']","['65 map sheets in 47 folders in 1 drawer : some color, some photocopies ; various sizes']",,,"['Local transit--Pennsylvania--Pittsburgh Metropolitan Area--Maps', 'Pittsburgh Region (Pa.)--Maps', 'Pittsburgh Suburban Area (Pa.)--Maps', 'Pittsburgh (Pa.)--Maps', 'United States--Pennsylvania']"
['G3764.B6:2B56 1980 .U5'],['United States. National Park Service.'],,"['Also covers central Boston.', 'Includes text and ancillary map of ""Rapid Transit System.""', 'Text, panoramic view, and col. ill. on verso.', '""*GPO: 1980--311-309/23.""', 'Available also through the Library of Congress Web site as a raster image.']",,['http://hdl.loc.gov/loc.gmd/g3764b.ct006007'],['Tourist maps'],"['Massachusetts--Boston', 'Boston National Historical Park (Boston, Mass.)', 'Boston (Mass.)']","['https://tile.loc.gov/storage-services/service/gmd/gmd376/g3764/g3764b/ct006007.gif', 'https://tile.loc.gov/storage-services/service/gmd/gmd376/g3764/g3764b/ct006007.gif#h=150&w=80', 'https://tile.loc.gov/image-services/iiif/service:gmd:gmd376:g3764:g3764b:ct006007/full/pct:12.5/0/default.jpg#h=1175&w=623', 'https://tile.loc.gov/image-services/iiif/service:gmd:gmd376:g3764:g3764b:ct006007/full/pct:25/0/default.jpg#h=2351&w=1246']","['Library of Congress Geography and Map Division Washington, D.C. 20540-4650 USA dcu']",1980,['eng'],,"Boston National Historical Park, Massachusetts",['024-005-00773-3'],"[Washington?] : The Service ; Washington : For sale by the Supt. of Docs., U.S. G.P.O., [1980]",,,['cartographic'],"['1 map : col. ; 28 x 30 cm., on sheet 40 x 42 cm., folded to 10 x 21 cm.']",,"['https://www.loc.gov/item/83695667', 'https://www.loc.gov/item/5470595']","['Boston National Historical Park (Boston, Mass.)--Maps', 'Boston (Mass.)--Maps', 'Subways--Massachusetts--Boston--Maps', 'United States--Massachusetts--Boston--Boston National Historical Park', 'United States--Massachusetts--Boston']"
['G3804.N4:2W6G46 1888 .B7'],"['Brooklyn Hills Improvement Company.', 'Wells, Jacob.']",,"['Woodside map is black-and-white cadastral map with lot lines/dimensions, lot/block  numbers, and street widths.', '""Relative position"" map is col. map of adjacent parts of Manhattan/Brooklyn/Queens with radial distances from N.Y. City Hall; also shows municipalities and transit routes.', '""Entered according to Act of Congress, in the year 1888, by the Brooklyn Hills Improvement Company, in the office of the Librarian of Congress at Washington.""', 'Imperfect: Fold-lined, torn at fold lines.', 'Includes text.', 'Available also through the Library of Congress Web site as a raster image.']",,"['http://hdl.loc.gov/loc.gmd/g3804n.ct006618r', 'http://hdl.loc.gov/loc.gmd/g3804n.ct006618v']",,"['New York (State)--New York', 'Woodhaven (New York, N.Y.)', 'New York (N.Y.)']","['https://tile.loc.gov/storage-services/service/gmd/gmd380/g3804/g3804n/ct006618r.gif', 'https://tile.loc.gov/storage-services/service/gmd/gmd380/g3804/g3804n/ct006618r.gif#h=150&w=111', 'https://tile.loc.gov/image-services/iiif/service:gmd:gmd380:g3804:g3804n:ct006618r/full/pct:12.5/0/default.jpg#h=1086&w=800', 'https://tile.loc.gov/image-services/iiif/service:gmd:gmd380:g3804:g3804n:ct006618r/full/pct:25/0/default.jpg#h=2172&w=1601']","['Library of Congress Geography and Map Division Washington, D.C. 20540-4650 USA dcu']",1888,['eng'],,"The Brooklyn Hills Improvement Co.'s plat no. 1 : property at Woodhaven, L.I. ; Brooklyn Hills Improvement Co.'s map showing relative position of property to prominent points in cities of New York & Brooklyn",,"New York : Brooklyn Hills Improvement Company, c1888.",,,['cartographic'],"['2 maps on 1 sheet : both sides, 1 col. ; 64 x 43 cm. and 45 x 69 cm., sheet 75 x 56 cm.']",,"['https://www.loc.gov/item/2004625786', 'https://www.loc.gov/item/13668001']","['Woodhaven (New York, N.Y.)--Maps', 'Real property--New York (State)--New York--Maps', 'Local transit--New York (State)--New York--Maps', 'New York (N.Y.)--Administrative and political divisions--Maps', 'United States--New York (State)--New York--Woodhaven', 'United States--New York (State)--New York']"
['G3804.N4P33 1924 .I5'],['Interborough Rapid Transit Company.'],,"['""J.W.G. 3/17/24"".', 'Available also through the Library of Congress Web site as a raster image.']",,['http://hdl.loc.gov/loc.gmd/g3804n.ct002210'],,['New York (State)--New York'],"['https://tile.loc.gov/storage-services/service/gmd/gmd380/g3804/g3804n/ct002210.gif', 'https://tile.loc.gov/storage-services/service/gmd/gmd380/g3804/g3804n/ct002210.gif#h=150&w=254', 'https://tile.loc.gov/image-services/iiif/service:gmd:gmd380:g3804:g3804n:ct002210/full/pct:12.5/0/default.jpg#h=697&w=1182', 'https://tile.loc.gov/image-services/iiif/service:gmd:gmd380:g3804:g3804n:ct002210/full/pct:25/0/default.jpg#h=1394&w=2365']","['Library of Congress Geography and Map Division Washington, D.C. 20540-4650 USA dcu']",1924,['eng'],,Routes of the Interborough Rapid Transit Company.,,"[New York : The Company], 1924.",,,['cartographic'],['1 map : col. ; 43 x 73 cm.'],,"['https://www.loc.gov/item/2007630432', 'https://www.loc.gov/item/15090882']","['Subways--New York (State)--New York--Maps', 'Railroads, Elevated--New York (State)--New York--Maps', 'United States--New York (State)--New York']"
['G3824.P5 coll .M3 drawer 166'],,,"['This record covers single maps of Philadelphia, which are not represented in the LC database by separate catalog records. This collection includes single printed maps and photocopies of printed or manuscript single maps as well as some multi-sheet single maps, plates from atlases, books or periodicals, and printed facsimiles. These maps show various subjects, including transport, tourism and the Philadelphia vicinity. To request a specific map or for more information, contact a reference librarian in the Geography & Map Division (202) 707-6277 or through the ""Ask a librarian"" link through the Geography & Map Division website https://ask.loc.gov/map-geography/.', 'Title supplied by cataloger.']",,['https://hdl.loc.gov/loc.gmd/gmdtitlecolfold.pa-166'],['Maps'],"['Pennsylvania--Philadelphia Metropolitan Area', 'Philadelphia (Pa.)']","['https://tile.loc.gov/image-services/iiif/service:gmd:gmdtitlecolfold:pa:-1:66:pa-166:pa-166-00001/full/pct:12.5/0/default.jpg', 'https://tile.loc.gov/image-services/iiif/service:gmd:gmdtitlecolfold:pa:-1:66:pa-166:pa-166-00001/full/pct:12.5/0/default.jpg#h=696&w=469', 'https://tile.loc.gov/image-services/iiif/service:gmd:gmdtitlecolfold:pa:-1:66:pa-166:pa-166-00001/full/pct:25/0/default.jpg#h=1393&w=939']","['Library of Congress Geography and Map Division Washington, D.C. 20540-4650 USA dcu']",1875,['eng'],"['Pennsylvania title collection--drawer 166', 'Pennsylvania title collection--Roae-Transportation to 1940']",[Maps of Pennsylvania--Philadelphia subjects Roae-Transportation to 1940],,"[Various places] : [various publishers], [from approximately 1875 to 1940]",,,"['cartographic', 'collection']","['50 map sheets in 27 folders in 1 drawer : some color, some photocopies ; various sizes']",,,"['Sanitation--Pennsylvania--Philadelphia Metropolitan Area--Maps', 'Local transit--Pennsylvania--Philadelphia Metropolitan Area--Maps', 'Philadelphia (Pa.)--Maps', 'United States--Pennsylvania']"
['G4852.N55 1855 .D8'],"['Dupuy, Aug. Myionnet (Auguste Myionnet)']",,"['Relief shown by hachures.', 'Available also through the Library of Congress Web site as a raster image.', 'Includes 3 insets and 6 profiles.']",,['http://hdl.loc.gov/loc.gmd/g4852n.ma001019'],,['Nicaragua Canal (Nicaragua)'],"['https://tile.loc.gov/storage-services/service/gmd/gmd4/g4852/g4852n/ma001019.gif', 'https://tile.loc.gov/storage-services/service/gmd/gmd4/g4852/g4852n/ma001019.gif#h=233&w=150', 'https://tile.loc.gov/image-services/iiif/service:gmd:gmd4:g4852:g4852n:ma001019/full/pct:12.5/0/default.jpg#h=961&w=619', 'https://tile.loc.gov/image-services/iiif/service:gmd:gmd4:g4852:g4852n:ma001019/full/pct:25/0/default.jpg#h=1923&w=1239']","['Library of Congress Geography and Map Division Washington, D.C. 20540-4650 USA dcu']",1855,['fre'],,"Union des deux ocʹeans Atlantique et Pacifique, par le transit ouvert à travers la rʹepublique De Nicaragua : carte dʹetaillʹee des cinq dʹepartements avec indication des principaux tracʹes du Canal Interocʹeanique ...",,"Paris : vente chez M. M. Andriveau-Goujon, 1855.",,,['cartographic'],['1 map : col. ; 82 x 52 cm.'],,"['https://www.loc.gov/item/2004629021', 'https://www.loc.gov/item/13495805']","['Nicaragua Canal (Nicaragua)--Maps', 'Nicaragua--Nicaragua Canal']"
['G3721.P3 1850 .M6'],"['Morton, A. C. (Engineer)']",,"['Scale [ca. 1:1,625,000].', 'LC Railroad maps, 105', 'Description derived from published bibliography.', 'Inset: Map showing the plan for shortening the transit between New York & London. 12 x 42 cm.', 'Available also through the Library of Congress Web site as a raster image.']",,['http://hdl.loc.gov/loc.gmd/g3721p.rr001050'],,"['New England', 'Maritime Provinces']","['https://tile.loc.gov/storage-services/service/gmd/gmd372/g3721/g3721p/rr001050.gif', 'https://tile.loc.gov/storage-services/service/gmd/gmd372/g3721/g3721p/rr001050.gif#h=150&w=163', 'https://tile.loc.gov/image-services/iiif/service:gmd:gmd372:g3721:g3721p:rr001050/full/pct:12.5/0/default.jpg#h=1042&w=1130', 'https://tile.loc.gov/image-services/iiif/service:gmd:gmd372:g3721:g3721p:rr001050/full/pct:25/0/default.jpg#h=2084&w=2260']","['Library of Congress Geography and Map Division Washington, D.C. 20540-4650 USA dcu']",1850,['eng'],,"Map of the European and North American Railway, showing its connection with the railways of the United States & Canada; made by direction of His Excellency John Hubbard, Governor of Maine under the resolve of Aug. 20th 1850.",,"Philad[delphi]a, 1850.",,"[""Shows New England, eastern New York, and the Maritime Provinces.  Gives completed, in progress, and proposed railroads. Indicates drainage, state boundaries, and larger cities. Slightly different edition, engraved by B. W. Thayer & Co., Boston, accompanies Morton's Report on the Survey of the European and North American Railway ... in Documents in Relation to the European and North American Railway Company ... (Portland, Harmon and Williams, 1851)""]",['cartographic'],['col. map 66 x 76 cm.'],,"['https://www.loc.gov/item/98688380', 'https://www.loc.gov/item/5571961']","['Railroads--New England--Maps', 'Railroads--Maritime Provinces--Maps', 'United States--New England', 'Canada--Maritime Provinces']"
['G3851.E622 1889 .M3'],['Evening Star Newspaper Co.'],,"['Shows block numbers, transit routes, and ""Route of inaugural parade.""', 'Includes index to points of interest.', 'LC copies laminated and mounted on cloth backing.', 'Available also through the Library of Congress Web site as a raster image.', '2 copies', 'DCP']",,['http://hdl.loc.gov/loc.gmd/g3851e.ct004642'],,['Washington (D.C.)'],"['https://tile.loc.gov/storage-services/service/gmd/gmd385/g3851/g3851e/ct004642.gif', 'https://tile.loc.gov/storage-services/service/gmd/gmd385/g3851/g3851e/ct004642.gif#h=111&w=150', 'https://tile.loc.gov/image-services/iiif/service:gmd:gmd385:g3851:g3851e:ct004642/full/pct:12.5/0/default.jpg#h=636&w=857', 'https://tile.loc.gov/image-services/iiif/service:gmd:gmd385:g3851:g3851e:ct004642/full/pct:25/0/default.jpg#h=1273&w=1715']","['Library of Congress Geography and Map Division Washington, D.C. 20540-4650 USA dcu']",1889,['eng'],,"Map of the city of Washington : souvenir of March 4th, 1889",,"[Washington, D.C. : Evening star, 1889]",,,['cartographic'],['1 map ; 42 x 55 cm.'],,"['https://www.loc.gov/item/87694149', 'https://www.loc.gov/item/5497885']","['Parades--Washington (D.C.)--Maps', 'Harrison, Benjamin,--1833-1901--Inaugurations', 'Washington (D.C.)--Maps', 'United States--District of Columbia--Washington']"
['G3804.N4:2M3P33 1908 .R3'],['Rand McNally and Company.'],,"['Covers Manhattan, South Bronx, and small adjacent parts of Queens, Brooklyn, and Jersey City.', 'Shows subways, connecting mainline railroads, and complete street system.', '""Copyright, 1908, by Rand, McNally & Co.""', 'Gift; Charles D. Lothridge; Apr. 1998.', 'LC copy use-worn, missing cover, torn at fold lines, additionally fold-lined.', 'Available also through the Library of Congress Web site as a raster image.', 'Acquisitions control no.: 2000-12']",,['http://hdl.loc.gov/loc.gmd/g3804n.ct006628'],,"['New York (State)--New York', 'Manhattan (New York, N.Y.)', 'New York (N.Y.)']","['https://tile.loc.gov/storage-services/service/gmd/gmd380/g3804/g3804n/ct006628.gif', 'https://tile.loc.gov/storage-services/service/gmd/gmd380/g3804/g3804n/ct006628.gif#h=150&w=39', 'https://tile.loc.gov/image-services/iiif/service:gmd:gmd380:g3804:g3804n:ct006628/full/pct:12.5/0/default.jpg#h=1281&w=337', 'https://tile.loc.gov/image-services/iiif/service:gmd:gmd380:g3804:g3804n:ct006628/full/pct:25/0/default.jpg#h=2563&w=674']","['Library of Congress Geography and Map Division Washington, D.C. 20540-4650 USA dcu']",1908,['eng'],,[Rapid transit map of Manhattan and adjacent districts of New York City].,,"[New York?] : Rand McNally & Co., c1908.",,,['cartographic'],"['1 map : col. ; 85 x 22 cm., folded to 18 x 12 cm.']",,"['https://www.loc.gov/item/00554816', 'https://www.loc.gov/item/11987827']","['Manhattan (New York, N.Y.)--Maps', 'Subways--New York (State)--New York--Maps', 'Railroads--New York (State)--New York--Commuting traffic--Maps', 'New York (N.Y.)--Maps', 'United States--New York (State)--New York--Manhattan', 'United States--New York (State)--New York']"
['G4360 1867 .R3'],"['Ransom, Leander, 1800-1874.', 'Doolittle, A. J., joint author.', 'Baker, Geo. H. (George Holbrook), 1827-1906.', 'Holt, Warren.']",,"['Scale 1:1,520,640; scale of statute miles, 24 to the in.', ""Cover title: Holt's map of the States of California and Nevada."", 'Hand colored.', 'Relief shown by hachures.', 'Also shows mining districts.', 'Includes index to ""United States land districts"" and distance chart.', 'Accompanied by: Table of distances. 3 p.', 'Available also through the Library of Congress Web site as a raster image.', 'Vault', 'AACR2: 100; 651/1; 651/2; 650/3; 650/4; 651/5; 651/6; 700/2; 700/3']",,['http://hdl.loc.gov/loc.gmd/g4360.ct007805'],,"['California', 'Nevada']","['https://tile.loc.gov/storage-services/service/gmd/gmd436/g4360/g4360/ct007805.gif', 'https://tile.loc.gov/storage-services/service/gmd/gmd436/g4360/g4360/ct007805.gif#h=150&w=126', 'https://tile.loc.gov/image-services/iiif/service:gmd:gmd436:g4360:g4360:ct007805/full/pct:12.5/0/default.jpg#h=1014&w=853', 'https://tile.loc.gov/image-services/iiif/service:gmd:gmd436:g4360:g4360:ct007805/full/pct:25/0/default.jpg#h=2028&w=1707']","['Library of Congress Geography and Map Division Washington, D.C. 20540-4650 USA dcu']",1867,['eng'],,"A new map of the States of California and Nevada, exhibiting the rivers, lakes, bays, and islands, with the principal towns, roads, railroads, and transit routes to the silver mining districts; also meridian, standard, range and township lines as established; to which is added the county boundaries and United States land districts.",,"[San Francisco] W. Holt, 1867.",,,['cartographic'],['col. map 67 x 54 cm. fold. in cover 16 x 11 cm.'],,"['https://www.loc.gov/item/78691707', 'https://www.loc.gov/item/5441394']","['California--Maps', 'Nevada--Maps', 'Mining districts--California--Maps', 'Mining districts--Nevada--Maps', 'California--Distances, etc', 'Nevada--Distances, etc', 'United States--California', 'United States--Nevada']"
['G3893.R3G46 188- .M5'],"['Miller, M. E.']",,"['Oriented with north toward the right.', 'Pen-and-ink on tracing cloth, sectioned in 2, and mounted on cloth.', 'LC Civil War maps (2nd ed.), H324', 'Available also through the Library of Congress web site as raster image.', 'In pencil on verso: 465 crossed out.']",,['http://hdl.loc.gov/loc.gmd/g3893r.cwh00324'],,"['West Virginia--Raleigh County', 'Raleigh County, (W. Va.)']","['https://tile.loc.gov/storage-services/service/gmd/gmd389/g3893/g3893r/cwh00324.gif', 'https://tile.loc.gov/storage-services/service/gmd/gmd389/g3893/g3893r/cwh00324.gif#h=200&w=150', 'https://tile.loc.gov/image-services/iiif/service:gmd:gmd389:g3893:g3893r:cwh00324/full/pct:12.5/0/default.jpg#h=1736&w=1301', 'https://tile.loc.gov/image-services/iiif/service:gmd:gmd389:g3893:g3893r:cwh00324/full/pct:25/0/default.jpg#h=3472&w=2603']","['Library of Congress Geography and Map Division Washington, D.C. 20540-4650 dcu']",188u,['eng'],,"Copy of map of Ellen Smith 10,000 acres, Raleigh Co., W. Va. from actual transit survey",,[188-?],,,['cartographic'],"['1 ms. map : col., cloth ; 97 x 73 cm.']",,"['https://www.loc.gov/item/2005625208', 'https://www.loc.gov/item/13934150']","['Real property--West Virginia--Raleigh County--Maps', 'Raleigh County, (W. Va.)--Maps, Manuscript', 'United States--West Virginia--Raleigh County']"
['G3211.B1 1748 .S6'],"['Smith, George, 1700-1773.', 'Cave, Edward, 1691-1754.']",,"['Shows the path of the eclipse.', 'Relief shown pictorially.', 'Includes 24 diagrams showing the eclipse as seen from different cities.', 'Available also through the Library of Congress Web site as a raster image.', 'LC copy mounted on paper along with seven other maps and diagrams taken from various publications. All images within hand drawn frames colored yellow. All but two of the diagrams are hand colored. The entire sheet is mounted on cloth, and stamped ""318A"" in the lower left corner. The added works are: Types and phases of the annular eclipse of the Sun which will happen April the 1st 1764 -- [Map showing the 1764 eclipse] / Gent. Mag. 1764 -- Afbeelding van\'t gaan van Venus over de schyf der Zonne in\'t jaar 1761 -- Types and calculations of the transit of Venus, and the eclipses of the Sun and Moon, in 1769 -- [Two untitled diagrams showing the eclipse of Jupiter by the Moon in 1751] -- [One untitled diagram showing a partial lunar eclipse in 1753].']",,['http://hdl.loc.gov/loc.gmd/g3211b.ct003799'],['Early maps'],['Northern Hemisphere'],"['https://tile.loc.gov/storage-services/service/gmd/gmd3/g3211/g3211b/ct003799.gif', 'https://tile.loc.gov/storage-services/service/gmd/gmd3/g3211/g3211b/ct003799.gif#h=150&w=172', 'https://tile.loc.gov/image-services/iiif/service:gmd:gmd3:g3211:g3211b:ct003799/full/pct:12.5/0/default.jpg#h=1109&w=1273', 'https://tile.loc.gov/image-services/iiif/service:gmd:gmd3:g3211:g3211b:ct003799/full/pct:25/0/default.jpg#h=2218&w=2547']","['Library of Congress Geography and Map Division Washington, D.C. 20540-4650 USA dcu']",1748,['eng'],,"The geography of the great solar eclipse of July 14 MDCCXLVIII : exhibiting an accurate map of all parts of the Earth in which it will be visible, with the North Pole, according to the latest discoveries",,"[London] : Revised and published according to Act of Parliament ... by E. Cave., Jan. 1.1748.",,,['cartographic'],['1 map ; 25 x 35 cm'],,,"['Northern Hemisphere--Early works to 1800--Maps', 'Solar eclipses--1748--Maps--Early works to 1800', 'Astronomy--Charts, diagrams, etc', 'Earth', 'Sun']"
['G3804.N4:2M3P33 1879 .T3'],"['Taunton, S. D. L.']",,"['Covers Manhattan south of 62nd Street.', 'Also shows streetcar lines, trunk railroads, ferries, and piers.', 'Title from panel.', '""Published Feb. 18, 1879, First Edition, 50,000.""', 'Includes notes and inset showing stations north of 59th Street.', 'Text, station directory, table of running times, and advertisements on verso.', 'Available also through the Library of Congress Web site as a raster image.']",,"['http://hdl.loc.gov/loc.gmd/g3804n.ct006631', 'http://hdl.loc.gov/loc.gmd/g3804n.ct006633']",,"['New York (State)--New York', 'Manhattan (New York, N.Y.)']","['https://tile.loc.gov/storage-services/service/gmd/gmd380/g3804/g3804n/ct006631.gif', 'https://tile.loc.gov/storage-services/service/gmd/gmd380/g3804/g3804n/ct006631.gif#h=127&w=150', 'https://tile.loc.gov/image-services/iiif/service:gmd:gmd380:g3804:g3804n:ct006631/full/pct:12.5/0/default.jpg#h=544&w=640', 'https://tile.loc.gov/image-services/iiif/service:gmd:gmd380:g3804:g3804n:ct006631/full/pct:25/0/default.jpg#h=1088&w=1281']","['Library of Congress Geography and Map Division Washington, D.C. 20540-4650 USA dcu']",1879,['eng'],"[""Citizens' and travelers' rapid transit map and time table""]","Taunton's citizens' and travelers' rapid transit map and time table of the Metropolitan and New York elevated railways : showing, on a new plan, the railways with up and down-town tracks ... ferries, etc., etc.",,"New York : S.D.L. Taunton, map publisher, c1879.",,,['cartographic'],"['1 map : hand col. ; 29 x 18 cm., folded to 21 x 9 cm.']",,"['https://www.loc.gov/item/2004625951', 'https://www.loc.gov/item/13735384']","['Manhattan (New York, N.Y.)--Maps', 'Railroads, Elevated--New York (State)--New York--Maps', 'Street-railroads--New York (State)--New York--Maps', 'Ferries--New York (State)--New York--Maps', 'United States--New York (State)--New York--Manhattan', 'United States--New York (State)--New York']"
,"['Cook, James, 1728-1779 Cartographer.']",,"['Title devised, in English, by Library staff.', '""Relief shown by landform drawings. Depths shown by soundings. North oriented to the right. Longitude given as ""Longitude west from the meridian of Greenwich."" Scale 1:890,000""--Note extracted from World Digital Library.', 'Original resource extent: 1 map : manuscript ; 47 x 73 centimeters.', 'Original resource at: University of Wisconsin-Milwaukee Libraries.', 'Content in English.', 'Description based on data extracted from World Digital Library, which may be extracted from partner institutions.']",,['https://hdl.loc.gov/loc.wdl/wdl.6775'],,,"['https://tile.loc.gov/image-services/iiif/service:gdc:gdcwdl:wd:l_:06:77:5:wdl_06775:am005458/full/pct:3.125/0/default.jpg', 'https://tile.loc.gov/image-services/iiif/service:gdc:gdcwdl:wd:l_:06:77:5:wdl_06775:am005458/full/pct:3.125/0/default.jpg#h=224&w=316', 'https://tile.loc.gov/image-services/iiif/service:gdc:gdcwdl:wd:l_:06:77:5:wdl_06775:am005458/full/pct:6.25/0/default.jpg#h=449&w=633', 'https://tile.loc.gov/image-services/iiif/service:gdc:gdcwdl:wd:l_:06:77:5:wdl_06775:am005458/full/pct:12.5/0/default.jpg#h=899&w=1266', 'https://tile.loc.gov/image-services/iiif/service:gdc:gdcwdl:wd:l_:06:77:5:wdl_06775:am005458/full/pct:25/0/default.jpg#h=1798&w=2532', 'https://tile.loc.gov/image-services/iiif/service:gdc:gdcwdl:wd:l_:06:77:5:wdl_06775:am005458/full/pct:50/0/default.jpg#h=3597&w=5064', 'https://tile.loc.gov/image-services/iiif/service:gdc:gdcwdl:wd:l_:06:77:5:wdl_06775:am005458/full/pct:100/0/default.jpg#h=7194&w=10128']",,1771,['eng'],,A Chart of Part of the Sea Coast of New South Wales on the East Coast of New Holland from Cape Palmerston to Cape Flattery.,,"[place of publication not identified] : [publisher not identified], 1771.",['American Geographical Society Library Digital Map Collection'],"[""This map is one of four manuscript charts from the first great voyage of exploration by Captain James Cook, which in April 1770 made the first clear delineation of the east coast of Australia. Sponsored by the Royal Society and the Royal Navy, the expedition had several objectives. Cook was to observe and describe the transit of Venus, chart the coastlines of places he visited in the South Pacific, and record details of the peoples, flora, and fauna he saw. The expedition sponsors also hoped Cook would find and claim for Britain the land then known as terra incognita australis. Cook did not sail close to shore, except in a few places, so the amount of detail shown in the map varied with his ship's distance from the coast.""]",['cartographic'],['1 online resource.'],,,"['Australia--New South Wales', 'Australia--Queensland--Cape Flattery', 'Australia--Queensland--Cape Palmerston', '1771', 'Exploration and encounters']"
,"['Cook, James, 1728-1779 Cartographer.']",,"['Title devised, in English, by Library staff.', '""Relief shown by landform drawings. Depths shown by soundings. North oriented to the right. Longitude given as ""Longitude west from the meridian of Greenwich."" Scale 1:890,000.""--Note extracted from World Digital Library.', 'Original resource extent: 1 map : manuscript ; 47 x 73 centimeters.', 'Original resource at: University of Wisconsin-Milwaukee Libraries.', 'Content in English.', 'Description based on data extracted from World Digital Library, which may be extracted from partner institutions.']",,['https://hdl.loc.gov/loc.wdl/wdl.6774'],,,"['https://tile.loc.gov/image-services/iiif/service:gdc:gdcwdl:wd:l_:06:77:4:wdl_06774:am005457/full/pct:3.125/0/default.jpg', 'https://tile.loc.gov/image-services/iiif/service:gdc:gdcwdl:wd:l_:06:77:4:wdl_06774:am005457/full/pct:3.125/0/default.jpg#h=228&w=302', 'https://tile.loc.gov/image-services/iiif/service:gdc:gdcwdl:wd:l_:06:77:4:wdl_06774:am005457/full/pct:6.25/0/default.jpg#h=457&w=604', 'https://tile.loc.gov/image-services/iiif/service:gdc:gdcwdl:wd:l_:06:77:4:wdl_06774:am005457/full/pct:12.5/0/default.jpg#h=915&w=1209', 'https://tile.loc.gov/image-services/iiif/service:gdc:gdcwdl:wd:l_:06:77:4:wdl_06774:am005457/full/pct:25/0/default.jpg#h=1830&w=2419', 'https://tile.loc.gov/image-services/iiif/service:gdc:gdcwdl:wd:l_:06:77:4:wdl_06774:am005457/full/pct:50/0/default.jpg#h=3660&w=4838', 'https://tile.loc.gov/image-services/iiif/service:gdc:gdcwdl:wd:l_:06:77:4:wdl_06774:am005457/full/pct:100/0/default.jpg#h=7320&w=9677']",,1771,['eng'],,A Chart of Part of the Sea Coast of New South Wales on the East Coast of New Holland from Cape Morton to Cape Palmerston.,,"[place of publication not identified] : [publisher not identified], 1771.",['American Geographical Society Library Digital Map Collection'],"[""This map is one of four manuscript charts from the first great voyage of exploration by Captain James Cook, which in April 1770 made the first clear delineation of the east coast of Australia. Sponsored by the Royal Society and the Royal Navy, the expedition had several objectives. Cook was to observe and describe the transit of Venus, chart the coastlines of places he visited in the South Pacific, and record details of the peoples, flora, and fauna he saw. The expedition sponsors also hoped Cook would find and claim for Britain the land then known as terra incognita australis. Cook did not sail close to shore, except in a few places, so the amount of detail shown in the map varied with his ship's distance from the coast.""]",['cartographic'],['1 online resource.'],,,"['Australia--New South Wales', 'Australia--Queensland--Cape Moreton', 'Australia--Queensland--Cape Palmerston', '1771', 'Exploration and encounters']"
['G3804.N4:2W6G46 1888 .B7'],"['Brooklyn Hills Improvement Company.', 'Wells, Jacob.']",,"['Woodside map is black-and-white cadastral map with lot lines/dimensions, lot/block  numbers, and street widths.', '""Relative position"" map is col. map of adjacent parts of Manhattan/Brooklyn/Queens with radial distances from N.Y. City Hall; also shows municipalities and transit routes.', '""Entered according to Act of Congress, in the year 1888, by the Brooklyn Hills Improvement Company, in the office of the Librarian of Congress at Washington.""', 'Imperfect: Fold-lined, torn at fold lines.', 'Includes text.', 'Available also through the Library of Congress Web site as a raster image.']",,"['http://hdl.loc.gov/loc.gmd/g3804n.ct006618r', 'http://hdl.loc.gov/loc.gmd/g3804n.ct006618v']",,"['New York (State)--New York', 'Woodhaven (New York, N.Y.)', 'New York (N.Y.)']","['https://tile.loc.gov/storage-services/service/gmd/gmd380/g3804/g3804n/ct006618r.gif', 'https://tile.loc.gov/storage-services/service/gmd/gmd380/g3804/g3804n/ct006618r.gif#h=150&w=111', 'https://tile.loc.gov/image-services/iiif/service:gmd:gmd380:g3804:g3804n:ct006618r/full/pct:12.5/0/default.jpg#h=1086&w=800', 'https://tile.loc.gov/image-services/iiif/service:gmd:gmd380:g3804:g3804n:ct006618r/full/pct:25/0/default.jpg#h=2172&w=1601']","['Library of Congress Geography and Map Division Washington, D.C. 20540-4650 USA dcu']",1888,['eng'],,"The Brooklyn Hills Improvement Co.'s plat no. 1 : property at Woodhaven, L.I. ; Brooklyn Hills Improvement Co.'s map showing relative position of property to prominent points in cities of New York & Brooklyn",,"New York : Brooklyn Hills Improvement Company, c1888.",,,['cartographic'],"['2 maps on 1 sheet : both sides, 1 col. ; 64 x 43 cm. and 45 x 69 cm., sheet 75 x 56 cm.']",,"['https://www.loc.gov/item/2004625786', 'https://www.loc.gov/item/13668001']","['Woodhaven (New York, N.Y.)--Maps', 'Real property--New York (State)--New York--Maps', 'Local transit--New York (State)--New York--Maps', 'New York (N.Y.)--Administrative and political divisions--Maps', 'United States--New York (State)--New York--Woodhaven', 'United States--New York (State)--New York']"
['G3804.N4:2M3P33 1879 .T3'],"['Taunton, S. D. L.']",,"['Covers Manhattan south of 62nd Street.', 'Also shows streetcar lines, trunk railroads, ferries, and piers.', 'Title from panel.', '""Published Feb. 18, 1879, First Edition, 50,000.""', 'Includes notes and inset showing stations north of 59th Street.', 'Text, station directory, table of running times, and advertisements on verso.', 'Available also through the Library of Congress Web site as a raster image.']",,"['http://hdl.loc.gov/loc.gmd/g3804n.ct006631', 'http://hdl.loc.gov/loc.gmd/g3804n.ct006633']",,"['New York (State)--New York', 'Manhattan (New York, N.Y.)']","['https://tile.loc.gov/storage-services/service/gmd/gmd380/g3804/g3804n/ct006631.gif', 'https://tile.loc.gov/storage-services/service/gmd/gmd380/g3804/g3804n/ct006631.gif#h=127&w=150', 'https://tile.loc.gov/image-services/iiif/service:gmd:gmd380:g3804:g3804n:ct006631/full/pct:12.5/0/default.jpg#h=544&w=640', 'https://tile.loc.gov/image-services/iiif/service:gmd:gmd380:g3804:g3804n:ct006631/full/pct:25/0/default.jpg#h=1088&w=1281']","['Library of Congress Geography and Map Division Washington, D.C. 20540-4650 USA dcu']",1879,['eng'],"[""Citizens' and travelers' rapid transit map and time table""]","Taunton's citizens' and travelers' rapid transit map and time table of the Metropolitan and New York elevated railways : showing, on a new plan, the railways with up and down-town tracks ... ferries, etc., etc.",,"New York : S.D.L. Taunton, map publisher, c1879.",,,['cartographic'],"['1 map : hand col. ; 29 x 18 cm., folded to 21 x 9 cm.']",,"['https://www.loc.gov/item/2004625951', 'https://www.loc.gov/item/13735384']","['Manhattan (New York, N.Y.)--Maps', 'Railroads, Elevated--New York (State)--New York--Maps', 'Street-railroads--New York (State)--New York--Maps', 'Ferries--New York (State)--New York--Maps', 'United States--New York (State)--New York--Manhattan', 'United States--New York (State)--New York']"
,"['Cook, James, 1728-1779 Cartographer.']",,"['Title devised, in English, by Library staff.', '""Relief shown by landform drawings. Depths shown by soundings. North oriented to the right. Longitude given as ""Longitude west from the meridian of Greenwich."" Scale 1:890,000.""--Note extracted from World Digital Library.', 'Original resource extent: 1 map : manuscript ; 47 x 73 centimeters.', 'Original resource at: University of Wisconsin-Milwaukee Libraries.', 'Content in English.', 'Description based on data extracted from World Digital Library, which may be extracted from partner institutions.']",,['https://hdl.loc.gov/loc.wdl/wdl.6773'],,,"['https://tile.loc.gov/image-services/iiif/service:gdc:gdcwdl:wd:l_:06:77:3:wdl_06773:am005456/full/pct:3.125/0/default.jpg', 'https://tile.loc.gov/image-services/iiif/service:gdc:gdcwdl:wd:l_:06:77:3:wdl_06773:am005456/full/pct:3.125/0/default.jpg#h=226&w=313', 'https://tile.loc.gov/image-services/iiif/service:gdc:gdcwdl:wd:l_:06:77:3:wdl_06773:am005456/full/pct:6.25/0/default.jpg#h=452&w=627', 'https://tile.loc.gov/image-services/iiif/service:gdc:gdcwdl:wd:l_:06:77:3:wdl_06773:am005456/full/pct:12.5/0/default.jpg#h=904&w=1255', 'https://tile.loc.gov/image-services/iiif/service:gdc:gdcwdl:wd:l_:06:77:3:wdl_06773:am005456/full/pct:25/0/default.jpg#h=1809&w=2510', 'https://tile.loc.gov/image-services/iiif/service:gdc:gdcwdl:wd:l_:06:77:3:wdl_06773:am005456/full/pct:50/0/default.jpg#h=3619&w=5020', 'https://tile.loc.gov/image-services/iiif/service:gdc:gdcwdl:wd:l_:06:77:3:wdl_06773:am005456/full/pct:100/0/default.jpg#h=7239&w=10041']",,1771,['eng'],,A Chart of Part of the Sea Coast of New South Wales on the East Coast of New Holland from Black Head to Cape Morton.,,"[place of publication not identified] : [publisher not identified], 1771.",['American Geographical Society Library Digital Map Collection'],"[""This map is one of four manuscript charts from the first great voyage of exploration by Captain James Cook, which in April 1770 made the first clear delineation of the east coast of Australia. Sponsored by the Royal Society and the Royal Navy, the expedition had several objectives. Cook was to observe and describe the transit of Venus, chart the coastlines of places he visited in the South Pacific, and record details of the peoples, flora, and fauna he saw. The expedition sponsors also hoped Cook would find and claim for Britain the land then known as terra incognita australis. Cook did not sail close to shore, except in a few places, so the amount of detail shown in the map varied with his ship's distance from the coast.""]",['cartographic'],['1 online resource.'],,,"['Australia--New South Wales', 'Australia--Queensland--Cape Moreton', '1771', 'Exploration and encounters']"
['G4371.A5 1934 .A4 TIL'],['Alaska Steamship Co.'],,['Available also through the Library of Congress web site as a raster image.'],,['http://hdl.loc.gov/loc.gmd/g4371a.mf000037'],['Tourist maps'],"['Alaska', 'Canada, Western']","['https://tile.loc.gov/storage-services/service/gmd/gmd437/g4371/g4371a/mf000037.gif', 'https://tile.loc.gov/storage-services/service/gmd/gmd437/g4371/g4371a/mf000037.gif#h=150&w=200', 'https://tile.loc.gov/image-services/iiif/service:gmd:gmd437:g4371:g4371a:mf000037/full/pct:12.5/0/default.jpg#h=810&w=1083', 'https://tile.loc.gov/image-services/iiif/service:gmd:gmd437:g4371:g4371a:mf000037/full/pct:25/0/default.jpg#h=1621&w=2166']","['Library of Congress Geography and Map Division Washington, D.C. 20540-4650 dcu']",1934,['eng'],,The Alaska Line.,,"[S.l.], 1934.",,,['cartographic'],['1 map : col. ; 52 x 72 cm.'],,"['https://www.loc.gov/item/99466709', 'https://www.loc.gov/item/11805780']","['Steamboat lines--Alaska--Maps', 'Railroads--Alaska--Maps', 'Railroads--Canada, Western--Maps', 'Alaska--Maps', 'Canada, Western--Maps', 'United States--Alaska', 'Canada--Western']"
['G3764.B6:2B56 1976 .U5'],['United States. National Park Service.'],,"['Scale not given.', 'Title from verso.', 'Also covers central Boston.', 'Inset: Rapid transit lines.', 'Text and ill. on verso.', 'Available also through the Library of Congress Web site as a raster image.', 'AACR2']",,['http://hdl.loc.gov/loc.gmd/g3764b.ct006008'],,"['Boston National Historical Park (Boston, Mass.)']","['https://tile.loc.gov/storage-services/service/gmd/gmd376/g3764/g3764b/ct006008.gif', 'https://tile.loc.gov/storage-services/service/gmd/gmd376/g3764/g3764b/ct006008.gif#h=150&w=70', 'https://tile.loc.gov/image-services/iiif/service:gmd:gmd376:g3764:g3764b:ct006008/full/pct:12.5/0/default.jpg#h=1061&w=494', 'https://tile.loc.gov/image-services/iiif/service:gmd:gmd376:g3764:g3764b:ct006008/full/pct:25/0/default.jpg#h=2122&w=988']","['Library of Congress Geography and Map Division Washington, D.C. 20540-4650 USA dcu']",1977,['eng'],,"Boston National Historical Park, Massachusetts",,"[Washington] : The Service, [1976] 1977 printing.",,,['cartographic'],['1 map : col. ; on sheet 36 x 33 cm. fold. to 18 x 9 cm.'],,"['https://www.loc.gov/item/80690980', 'https://www.loc.gov/item/5451529']","['Boston National Historical Park (Boston, Mass.)--Maps', 'United States--Massachusetts--Boston--Boston National Historical Park', 'United States--Massachusetts--Boston']"
['G3844.B2 1844 .L8'],"['Lucas, Fielding, Jr., 1781-1854, cartographer, publisher.']",,"['Depths shown by soundings.', 'Shows wards and railroads.', 'Includes notes and index to points of interest.', 'LC copy annotated in red pencil, probably showing additional railroad lines.', 'Available also through the Library of Congress Web site as a raster image.']",,['https://hdl.loc.gov/loc.gmd/g3844b.wd000023'],['Maps'],"['Maryland--Baltimore', 'Baltimore (Md.)']","['https://tile.loc.gov/storage-services/service/gmd/gmd384/g3844/g3844b/wd000023.gif', 'https://tile.loc.gov/storage-services/service/gmd/gmd384/g3844/g3844b/wd000023.gif#h=150&w=145', 'https://tile.loc.gov/image-services/iiif/service:gmd:gmd384:g3844:g3844b:wd000023/full/pct:12.5/0/default.jpg#h=492&w=477', 'https://tile.loc.gov/image-services/iiif/service:gmd:gmd384:g3844:g3844b:wd000023/full/pct:25/0/default.jpg#h=984&w=954']","['Library of Congress Geography and Map Division Washington, D.C. 20540-4650 USA dcu']",1844,['eng'],,Plan of Baltimore.,,"[Baltimore, MD] : Published by F. Lucas, Jr., no. 170 Baltimore Street, [1844?]",,,['cartographic'],['1 map : hand colored ; 23 x 31 cm'],,"['https://www.loc.gov/item/2020587086', 'https://www.loc.gov/item/21448255']","['Local transit--Maryland--Baltimore--Maps', 'Election districts--Maryland--Baltimore--Maps', 'Baltimore (Md.)--Maps', 'United States--Maryland--Baltimore']"
['G5404 .R6 1900 .P55'],"['Merian, A.']",,"['Relief shown by shading.', 'Imperfect: Fragile, torn along fold lines, holes with minor losses.', 'Includes indexes and color illustration.', 'Text and various bond tables on verso.', 'Available also through the Library of Congress Web site as a raster image.']",,['http://hdl.loc.gov/loc.gmd/g5404r.ct003655r'],['Topographic maps'],"['Brazil--Rio de Janeiro Region', 'Brazil--Rio de Janeiro Metropolitan Area', 'Rio de Janeiro (Brazil)']","['https://tile.loc.gov/storage-services/service/gmd/gmd5/g5404/g5404r/ct003655r.gif', 'https://tile.loc.gov/storage-services/service/gmd/gmd5/g5404/g5404r/ct003655r.gif#h=150&w=492', 'https://tile.loc.gov/image-services/iiif/service:gmd:gmd5:g5404:g5404r:ct003655r/full/pct:12.5/0/default.jpg#h=675&w=2216', 'https://tile.loc.gov/image-services/iiif/service:gmd:gmd5:g5404:g5404r:ct003655r/full/pct:25/0/default.jpg#h=1351&w=4433']","['Library of Congress Geography and Map Division Washington, D.C. 20540-4650 USA dcu']",1900,['por'],,"Planta do Rio de Janeiro com os horarios dos bondes, estradas de ferro, barcas, estradas de rodagem etc",,"[Rio de Janeiro] : Fauchon & C., [between 1900 and 1910]",,,['cartographic'],['1 map : color ; 41 x 49 cm. on sheet 43 x 73 cm'],,"['https://www.loc.gov/item/2012593124', 'https://www.loc.gov/item/17519163']","['Rio de Janeiro (Brazil)--Maps', 'Roads--Brazil--Rio de Janeiro Region--Maps', 'Local transit--Brazil--Rio de Janeiro Metropolitan Area--Maps', 'Brazil--Rio de Janeiro', 'Brazil--Rio de Janeiro Region', 'Brazil--Rio de Janeiro Metropolitan Area']"
['G3824.P5E2 1920 .P4'],['Philadelphia. Department of City Transit.'],,"['Scale ca. 1:43,000.', 'Shows radial distances and unelectrified railroads.', 'Also shows unelectrified railroads.', 'Also covers adjacent suburbs.', 'Available also through the Library of Congress Web site as a raster image.', 'AACR2: 651/1; 651/2; 650/3; 650/4']",,['http://hdl.loc.gov/loc.gmd/g3824p.ct008336'],,"['Pennsylvania--Philadelphia', 'Pennsylvania--Philadelphia Metropolitan Area', 'Philadelphia (Pa.)', 'Philadelphia Metropolitan Area (Pa.)']","['https://tile.loc.gov/storage-services/service/gmd/gmd382/g3824/g3824p/ct008336.gif', 'https://tile.loc.gov/storage-services/service/gmd/gmd382/g3824/g3824p/ct008336.gif#h=150&w=114', 'https://tile.loc.gov/image-services/iiif/service:gmd:gmd382:g3824:g3824p:ct008336/full/pct:12.5/0/default.jpg#h=1221&w=931', 'https://tile.loc.gov/image-services/iiif/service:gmd:gmd382:g3824:g3824p:ct008336/full/pct:25/0/default.jpg#h=2442&w=1863']","['Library of Congress Geography and Map Division Washington, D.C. 20540-4650 USA dcu']",1921,['eng'],,"Map of Philadelphia showing population in year 1920, as enumerated in U.S. Census, and existing electric railway system",,"[Philadelphia] : The Dept., [1921?]",,,['cartographic'],['1 map ; 80 x 61 cm.'],,"['https://www.loc.gov/item/78694427', 'https://www.loc.gov/item/5443689']","['Philadelphia (Pa.)--Population--Maps', 'Philadelphia Metropolitan Area (Pa.)--Population--Maps', 'Railroads--Pennsylvania--Philadelphia--Maps', 'Railroads--Pennsylvania--Philadelphia Metropolitan Area--Maps', 'United States--Pennsylvania--Philadelphia']"
['G3764.B6:2B56 1980 .U51'],['United States. National Park Service.'],,"['Also covers central Boston.', 'Includes text and ancillary map of ""Rapid Transit System.""', 'Available also through the Library of Congress Web site as a raster image.']",,['http://hdl.loc.gov/loc.gmd/g3764b.ct006009'],['Tourist maps'],"['Massachusetts--Boston', 'Boston National Historical Park (Boston, Mass.)', 'Boston (Mass.)']","['https://tile.loc.gov/storage-services/service/gmd/gmd376/g3764/g3764b/ct006009.gif', 'https://tile.loc.gov/storage-services/service/gmd/gmd376/g3764/g3764b/ct006009.gif#h=143&w=150', 'https://tile.loc.gov/image-services/iiif/service:gmd:gmd376:g3764:g3764b:ct006009/full/pct:12.5/0/default.jpg#h=585&w=616', 'https://tile.loc.gov/image-services/iiif/service:gmd:gmd376:g3764:g3764b:ct006009/full/pct:25/0/default.jpg#h=1171&w=1232']","['Library of Congress Geography and Map Division Washington, D.C. 20540-4650 USA dcu']",1980,['eng'],,"Boston National Historical Park, Massachusetts",,"[Washington?] : The Service, [1980?]",,,['cartographic'],"['1 map : col. ; 28 x 30 cm., on sheet 40 x 42 cm.']",,"['https://www.loc.gov/item/83695668', 'https://www.loc.gov/item/5470596']","['Boston National Historical Park (Boston, Mass.)--Maps', 'Boston (Mass.)--Maps', 'Subways--Massachusetts--Boston--Maps', 'United States--Massachusetts--Boston--Boston National Historical Park', 'United States--Massachusetts--Boston']"
,"['Cook, James, 1728-1779 Cartographer.']",,"['Title devised, in English, by Library staff.', '""Relief shown by landform drawings. Depths shown by soundings. North oriented to the right. Longitude given as ""Longitude west from the meridian of Greenwich."" Scale 1:890,000.""--Note extracted from World Digital Library.', 'Original resource extent: 1 map : manuscript ; 47 x 73 centimeters.', 'Original resource at: University of Wisconsin-Milwaukee Libraries.', 'Content in English.', 'Description based on data extracted from World Digital Library, which may be extracted from partner institutions.']",,['https://hdl.loc.gov/loc.wdl/wdl.6772'],,,"['https://tile.loc.gov/image-services/iiif/service:gdc:gdcwdl:wd:l_:06:77:2:wdl_06772:am005455/full/pct:3.125/0/default.jpg', 'https://tile.loc.gov/image-services/iiif/service:gdc:gdcwdl:wd:l_:06:77:2:wdl_06772:am005455/full/pct:3.125/0/default.jpg#h=192&w=275', 'https://tile.loc.gov/image-services/iiif/service:gdc:gdcwdl:wd:l_:06:77:2:wdl_06772:am005455/full/pct:6.25/0/default.jpg#h=385&w=551', 'https://tile.loc.gov/image-services/iiif/service:gdc:gdcwdl:wd:l_:06:77:2:wdl_06772:am005455/full/pct:12.5/0/default.jpg#h=770&w=1103', 'https://tile.loc.gov/image-services/iiif/service:gdc:gdcwdl:wd:l_:06:77:2:wdl_06772:am005455/full/pct:25/0/default.jpg#h=1540&w=2207', 'https://tile.loc.gov/image-services/iiif/service:gdc:gdcwdl:wd:l_:06:77:2:wdl_06772:am005455/full/pct:50/0/default.jpg#h=3080&w=4415', 'https://tile.loc.gov/image-services/iiif/service:gdc:gdcwdl:wd:l_:06:77:2:wdl_06772:am005455/full/pct:100/0/default.jpg#h=6160&w=8831']",,1771,['eng'],,A Chart of Part of the Sea Coast of New South Wales on the East Coast of New Holland from Point Hicks to Black Head.,,"[place of publication not identified] : [publisher not identified], 1771.",['American Geographical Society Library Digital Map Collection'],"[""This map is one of four manuscript charts from the first great voyage of exploration by Captain James Cook, which in April 1770 made the first clear delineation of the east coast of Australia. Sponsored by the Royal Society and the Royal Navy, the expedition had several objectives. Cook was to observe and describe the transit of Venus, chart the coastlines of places he visited in the South Pacific, and record details of the peoples, flora, and fauna he saw. The expedition sponsors also hoped Cook would find and claim for Britain the land then known as terra incognita australis. Cook did not sail close to shore, except in a few places, so the amount of detail shown in the map varied with his ship's distance from the coast.""]",['cartographic'],['1 online resource.'],,,"['Australia--New South Wales', 'Australia--Victoria--Point Hicks', '1771', 'Exploration and encounters']"
,,,['Original map at: Russian State Library'],,"['https://hdl.loc.gov/loc.ndlpcoop/mtfxtx.s00022', 'https://hdl.loc.gov/loc.wdl/wdl.19534']",,"['China--Liaoning Province', 'Russian Federation', 'Russian Federation--Amur Oblast--Blagoveshchensk', 'Russian Federation--Buryatia, Republic of', 'Russian Federation--Irkutsk Oblast--Irkutsk', 'Russian Federation--Krasnoyarsk Krai--Krasnoyarsk', 'Russian Federation--Primorskiy Krai--Vladivostok', 'Russian Federation--Tomsk Oblast--Tomsk', 'Russian Federation--Zabaykalsky Krai', 'Russian Federation--Zabaykalsky Krai--Chita']","['https://tile.loc.gov/image-services/iiif/service:gdc:gdclccn:20:18:69:41:73:2018694173:0001/full/pct:6.25/0/default.jpg', 'https://tile.loc.gov/image-services/iiif/service:gdc:gdclccn:20:18:69:41:73:2018694173:0001/full/pct:6.25/0/default.jpg#h=263&w=319', 'https://tile.loc.gov/image-services/iiif/service:gdc:gdclccn:20:18:69:41:73:2018694173:0001/full/pct:12.5/0/default.jpg#h=526&w=639', 'https://tile.loc.gov/image-services/iiif/service:gdc:gdclccn:20:18:69:41:73:2018694173:0001/full/pct:25/0/default.jpg#h=1053&w=1278', 'https://tile.loc.gov/image-services/iiif/service:gdc:gdclccn:20:18:69:41:73:2018694173:0001/full/pct:50/0/default.jpg#h=2106&w=2556', 'https://tile.loc.gov/image-services/iiif/service:gdc:gdclccn:20:18:69:41:73:2018694173:0001/full/pct:100/0/default.jpg#h=4213&w=5113']",,1900,['rus'],['Карманный Атлас. Сплошной паровой путь через Азию к великому океану. Великая Сибирская железная дорога. Амурское пароходство. Уссурийская железная дорога.'],Karmannyĭ Atlas. Sploshnoĭ parovoĭ put' cherez Azii︠u︡ k velikomu okeanu. Velikai︠a︡ Sibirskai︠a︡  zheleznai︠a︡ doroga. Amurskoe parokhodstvo. Ussuriĭskai︠a︡ zheleznai︠a︡ doroga.,,,['Maps from the Russian State Library'],"['Presented here is a pocket atlas from 1900 of the steam transportation network of Siberia, including the Trans-Siberian Railroad, the Ussuri Railroad, and the Amur River steamship lines. The publication reflects Russian national pride in the recent establishment of transit links to the Pacific Ocean, even before all sections of the Trans-Siberian Railroad were complete. The atlas contains 27 maps and 14 photographs. The first map shows the global network of rail and steamship connections. It is followed by a general map of Asiatic Russia (Siberia) and a map of the Trans-Siberian Railroad as far as Irkutsk (the route to Vladivostok was unfinished as of 1900, especially the arduous mountain route along the southern tip of Lake Baikal). Other maps show the southern shores of Lake Baikal; the Trans-Baikal Railroad; the Amur steamship routes and the Ussuri Railroad; the Kwantung region (the southern part of Liaodong Peninsula in China, a territorial concession occupied by Russia in 1898); with Dalian and Port Arthur and their environs. Separate maps show some of the largest Siberian and Russian Far Eastern cities and their environs, including Tomsk, Irkutsk, Krasnoyarsk, Chita, Blagoveshchensk, and Vladivostok. Interspersed with the maps are photographs of Siberian scenes, depicting railroad stations, steamship wharves, and vistas of places shown on the accompanying maps. World Digital Library.']",['cartographic'],"['27 maps, 14 photographs.']",['Pocket Atlas of the Complete Steam Route Through Asia to the Pacific Ocean. Trans-Siberian Railroad. Amur Steamship Company. Ussuriysk Railroad.'],,"['atlases', 'maps', 'Siberia', 'Trans-siberian Railroad', 'Railroads', 'Trans-Siberian Railroad', 'Transportation', 'China', 'Liaoning Province', 'Russian Federation', 'Amur Oblast', 'Blagoveshchensk', 'Buryatia, Republic of', 'Irkutsk Oblast', 'Irkutsk', 'Krasnoyarsk Krai', 'Krasnoyarsk', 'Primorskiy Krai', 'Vladivostok', 'Tomsk Oblast', 'Tomsk', 'Zabaykalsky Krai', 'Chita']"
